<ImportExportXml xmlns:xsi="http://www.w3.org/2001/XMLSchema-instance">
  <Entities></Entities>
  <Roles></Roles>
  <Workflows>
    <Workflow WorkflowId="{14e45b83-bddb-ee11-904c-000d3ad8a07e}" Name="FabricWriteback">
      <JsonFileName>/Workflows/FabricWriteback-14E45B83-BDDB-EE11-904C-000D3AD8A07E.json</JsonFileName>
      <Type>1</Type>
      <Subprocess>0</Subprocess>
      <Category>5</Category>
      <Mode>0</Mode>
      <Scope>4</Scope>
      <OnDemand>0</OnDemand>
      <TriggerOnCreate>0</TriggerOnCreate>
      <TriggerOnDelete>0</TriggerOnDelete>
      <AsyncAutodelete>0</AsyncAutodelete>
      <SyncWorkflowLogOnFailure>0</SyncWorkflowLogOnFailure>
      <StateCode>1</StateCode>
      <StatusCode>2</StatusCode>
      <RunAs>1</RunAs>
      <IsTransacted>1</IsTransacted>
      <IntroducedVersion>1.0.0.0</IntroducedVersion>
      <IsCustomizable>1</IsCustomizable>
      <BusinessProcessType>0</BusinessProcessType>
      <IsCustomProcessingStepAllowedForOtherPublishers>1</IsCustomProcessingStepAllowedForOtherPublishers>
      <PrimaryEntity>none</PrimaryEntity>
      <LocalizedNames>
        <LocalizedName languagecode="1033" description="FabricWriteback" />
      </LocalizedNames>
    </Workflow>
    <Workflow WorkflowId="{33736390-bddb-ee11-904c-000d3ad8a07e}" Name="ApiConnection -&gt; Refresh a dataset">
      <JsonFileName>/Workflows/ApiConnection-Refreshadataset-33736390-BDDB-EE11-904C-000D3AD8A07E.json</JsonFileName>
      <Type>1</Type>
      <Subprocess>0</Subprocess>
      <Category>5</Category>
      <Mode>0</Mode>
      <Scope>4</Scope>
      <OnDemand>0</OnDemand>
      <TriggerOnCreate>0</TriggerOnCreate>
      <TriggerOnDelete>0</TriggerOnDelete>
      <AsyncAutodelete>0</AsyncAutodelete>
      <SyncWorkflowLogOnFailure>0</SyncWorkflowLogOnFailure>
      <StateCode>1</StateCode>
      <StatusCode>2</StatusCode>
      <RunAs>1</RunAs>
      <IsTransacted>1</IsTransacted>
      <IntroducedVersion>1.0.0.0</IntroducedVersion>
      <IsCustomizable>1</IsCustomizable>
      <BusinessProcessType>0</BusinessProcessType>
      <IsCustomProcessingStepAllowedForOtherPublishers>1</IsCustomProcessingStepAllowedForOtherPublishers>
      <PrimaryEntity>none</PrimaryEntity>
      <LocalizedNames>
        <LocalizedName languagecode="1033" description="ApiConnection -&gt; Refresh a dataset" />
      </LocalizedNames>
    </Workflow>
    <Workflow WorkflowId="{34736390-bddb-ee11-904c-000d3ad8a07e}" Name="ApiConnection -&gt; Run a query against a dataset">
      <JsonFileName>/Workflows/ApiConnection-Runaqueryagainstadataset-34736390-BDDB-EE11-904C-000D3AD8A07E.json</JsonFileName>
      <Type>1</Type>
      <Subprocess>0</Subprocess>
      <Category>5</Category>
      <Mode>0</Mode>
      <Scope>4</Scope>
      <OnDemand>0</OnDemand>
      <TriggerOnCreate>0</TriggerOnCreate>
      <TriggerOnDelete>0</TriggerOnDelete>
      <AsyncAutodelete>0</AsyncAutodelete>
      <SyncWorkflowLogOnFailure>0</SyncWorkflowLogOnFailure>
      <StateCode>1</StateCode>
      <StatusCode>2</StatusCode>
      <RunAs>1</RunAs>
      <IsTransacted>1</IsTransacted>
      <IntroducedVersion>1.0.0.0</IntroducedVersion>
      <IsCustomizable>1</IsCustomizable>
      <BusinessProcessType>0</BusinessProcessType>
      <IsCustomProcessingStepAllowedForOtherPublishers>1</IsCustomProcessingStepAllowedForOtherPublishers>
      <PrimaryEntity>none</PrimaryEntity>
      <LocalizedNames>
        <LocalizedName languagecode="1033" description="ApiConnection -&gt; Run a query against a dataset" />
      </LocalizedNames>
    </Workflow>
    <Workflow WorkflowId="{3a736390-bddb-ee11-904c-000d3ad8a07e}" Name="ApiConnection -&gt; Run a query against a dataset - 2">
      <JsonFileName>/Workflows/ApiConnection-Runaqueryagainstadataset-2-3A736390-BDDB-EE11-904C-000D3AD8A07E.json</JsonFileName>
      <Type>1</Type>
      <Subprocess>0</Subprocess>
      <Category>5</Category>
      <Mode>0</Mode>
      <Scope>4</Scope>
      <OnDemand>0</OnDemand>
      <TriggerOnCreate>0</TriggerOnCreate>
      <TriggerOnDelete>0</TriggerOnDelete>
      <AsyncAutodelete>0</AsyncAutodelete>
      <SyncWorkflowLogOnFailure>0</SyncWorkflowLogOnFailure>
      <StateCode>1</StateCode>
      <StatusCode>2</StatusCode>
      <RunAs>1</RunAs>
      <IsTransacted>1</IsTransacted>
      <IntroducedVersion>1.0.0.0</IntroducedVersion>
      <IsCustomizable>1</IsCustomizable>
      <BusinessProcessType>0</BusinessProcessType>
      <IsCustomProcessingStepAllowedForOtherPublishers>1</IsCustomProcessingStepAllowedForOtherPublishers>
      <PrimaryEntity>none</PrimaryEntity>
      <LocalizedNames>
        <LocalizedName languagecode="1033" description="ApiConnection -&gt; Run a query against a dataset - 2" />
      </LocalizedNames>
    </Workflow>
    <Workflow WorkflowId="{45736390-bddb-ee11-904c-000d3ad8a07e}" Name="ApiConnection -&gt; Select">
      <JsonFileName>/Workflows/ApiConnection-Select-45736390-BDDB-EE11-904C-000D3AD8A07E.json</JsonFileName>
      <Type>1</Type>
      <Subprocess>0</Subprocess>
      <Category>5</Category>
      <Mode>0</Mode>
      <Scope>4</Scope>
      <OnDemand>0</OnDemand>
      <TriggerOnCreate>0</TriggerOnCreate>
      <TriggerOnDelete>0</TriggerOnDelete>
      <AsyncAutodelete>0</AsyncAutodelete>
      <SyncWorkflowLogOnFailure>0</SyncWorkflowLogOnFailure>
      <StateCode>1</StateCode>
      <StatusCode>2</StatusCode>
      <RunAs>1</RunAs>
      <IsTransacted>1</IsTransacted>
      <IntroducedVersion>1.0.0.0</IntroducedVersion>
      <IsCustomizable>1</IsCustomizable>
      <BusinessProcessType>0</BusinessProcessType>
      <IsCustomProcessingStepAllowedForOtherPublishers>1</IsCustomProcessingStepAllowedForOtherPublishers>
      <PrimaryEntity>none</PrimaryEntity>
      <LocalizedNames>
        <LocalizedName languagecode="1033" description="ApiConnection -&gt; Select" />
      </LocalizedNames>
    </Workflow>
  </Workflows>
  <FieldSecurityProfiles></FieldSecurityProfiles>
  <Templates />
  <EntityMaps />
  <EntityRelationships />
  <OrganizationSettings />
  <optionsets />
  <CustomControls />
  <EntityDataProviders />
  <CanvasApps>
    <CanvasApp>
      <Name>cr49f_masterdatawriteback_1683b</Name>
      <AppVersion>2024-03-06T12:46:53Z</AppVersion>
      <Status>Ready</Status>
      <CreatedByClientVersion>3.24023.13.0</CreatedByClientVersion>
      <MinClientVersion>3.24023.13.0</MinClientVersion>
      <Tags>{"primaryDeviceWidth":"950","primaryDeviceHeight":"300","supportsPortrait":"true","supportsLandscape":"true","primaryFormFactor":"Phone","publisherVersion":"3.24023.13","minimumRequiredApiVersion":"2.2.0","hasComponent":"false","hasUnlockedComponent":"false","isUnifiedRootApp":"false","sienaVersion":"20240306T124653Z-3.24023.13.0","showStatusBar":"false","offlineLargeFilesSupport":"false"}</Tags>
      <IsCdsUpgraded>0</IsCdsUpgraded>
      <GalleryItemId xsi:nil="true"></GalleryItemId>
      <BackgroundColor>RGBA(0,176,240,1)</BackgroundColor>
      <DisplayName>MasterDataWriteback</DisplayName>
      <Description xsi:nil="true"></Description>
      <CommitMessage xsi:nil="true"></CommitMessage>
      <Publisher xsi:nil="true"></Publisher>
      <AuthorizationReferences>[]</AuthorizationReferences>
      <ConnectionReferences>{"7c50edd2-aa88-43e4-a4a7-ceec4c807b23":{"id":"/providers/microsoft.powerapps/apis/shared_sql","displayName":"SQL Server","iconUri":"https://connectoricons-prod.azureedge.net/releases/v1.0.1680/1.0.1680.3652/sql/icon.png","dataSources":["DimCustomer","DimStore","DimEmployee"],"dependencies":[],"dependents":["e47c2b5d-282d-4ea9-842d-e0f1dfc01cec","60544e6a-e915-4392-901d-c4e94693d699"],"parameterHints":{},"parameterHintsV2":{},"isOnPremiseConnection":false,"bypassConsent":false,"dataSets":{"s4q4tdmh7ouubk6vof3fp7yzoy-fotxyowclkqujefthanvcrxdbi.datawarehouse.pbidedicated.windows.net,DataflowsStagingWarehouse":{"dataSources":{"DimCustomer":{"tableName":"[dbo].[DimCustomer]"}}}},"apiTier":"Premium","endpoints":["s4q4tdmh7ouubk6vof3fp7yzoy-fotxyowclkqujefthanvcrxdbi.datawarehouse.pbidedicated.windows.net,DataflowsStagingWarehouse"],"authenticationType":"oauth"},"e47c2b5d-282d-4ea9-842d-e0f1dfc01cec":{"id":"/providers/microsoft.powerapps/apis/shared_logicflows","displayName":"Logic flows","iconUri":"https://connectoricons-prod.azureedge.net/releases/v1.0.1664/1.0.1664.3477/logicflows/icon.png","dataSources":["PATest"],"dependencies":["7c50edd2-aa88-43e4-a4a7-ceec4c807b23"],"dependents":[],"parameterHints":{"workflowName":{"value":"ceaef0cb-db26-45d4-a951-fab709a7b1d1"},"workflowEntityId":{},"7c50edd2-aa88-43e4-a4a7-ceec4c807b23":{"value":"shared_sql"}},"parameterHintsV2":{"workflowName":{"value":"ceaef0cb-db26-45d4-a951-fab709a7b1d1"},"workflowEntityId":{},"shared_sql":{"value":"7c50edd2-aa88-43e4-a4a7-ceec4c807b23"}},"isOnPremiseConnection":false,"bypassConsent":false,"dataSets":{},"apiTier":"Standard","actions":["Run"]},"55757382-2ecf-493e-a8bc-b1af6b34a730":{"id":"/providers/microsoft.powerapps/apis/shared_sql","displayName":"SQL Server","iconUri":"https://connectoricons-prod.azureedge.net/releases/v1.0.1680/1.0.1680.3652/sql/icon.png","dataSources":["DimStore","DimEmployee"],"dependencies":[],"dependents":[],"parameterHints":{},"parameterHintsV2":{},"isOnPremiseConnection":false,"bypassConsent":false,"dataSets":{"s4q4tdmh7ouubk6vof3fp7yzoy-fotxyowclkqujefthanvcrxdbi.datawarehouse.pbidedicated.windows.net,Contoso%20Warehouse":{"dataSources":{"DimStore":{"tableName":"[dbo].[DimStore]"},"DimEmployee":{"tableName":"[dbo].[DimEmployee]"}}}},"apiTier":"Premium","endpoints":["s4q4tdmh7ouubk6vof3fp7yzoy-fotxyowclkqujefthanvcrxdbi.datawarehouse.pbidedicated.windows.net,Contoso%20Warehouse"],"authenticationType":"oauth"},"60544e6a-e915-4392-901d-c4e94693d699":{"id":"/providers/microsoft.powerapps/apis/shared_logicflows","displayName":"Logic flows","iconUri":"https://connectoricons-prod.azureedge.net/releases/v1.0.1664/1.0.1664.3477/logicflows/icon.png","dataSources":["FabricWriteback"],"dependencies":["7c50edd2-aa88-43e4-a4a7-ceec4c807b23"],"dependents":[],"parameterHints":{"workflowName":{"value":"bbd01015-f0bd-4de2-ab15-b857973bc685"},"workflowEntityId":{},"workflowDisplayName":{"value":"FabricWriteback"},"7c50edd2-aa88-43e4-a4a7-ceec4c807b23":{"value":"shared_sql_1"}},"parameterHintsV2":{"workflowName":{"value":"bbd01015-f0bd-4de2-ab15-b857973bc685"},"workflowEntityId":{},"workflowDisplayName":{"value":"FabricWriteback"},"shared_sql_1":{"value":"7c50edd2-aa88-43e4-a4a7-ceec4c807b23"}},"isOnPremiseConnection":false,"bypassConsent":false,"dataSets":{},"apiTier":"Standard","actions":["Run"]}}</ConnectionReferences>
      <DatabaseReferences>{}</DatabaseReferences>
      <AppComponents>[]</AppComponents>
      <AppComponentDependencies>[]</AppComponentDependencies>
      <CanConsumeAppPass>1</CanConsumeAppPass>
      <CanvasAppType>0</CanvasAppType>
      <BypassConsent>0</BypassConsent>
      <AdminControlBypassConsent>0</AdminControlBypassConsent>
      <EmbeddedApp xsi:nil="true"></EmbeddedApp>
      <IntroducedVersion>1.0</IntroducedVersion>
      <CdsDependencies>{"cdsdependencies":[]}</CdsDependencies>
      <IsCustomizable>1</IsCustomizable>
      <BackgroundImageUri>/CanvasApps/cr49f_masterdatawriteback_1683b_BackgroundImageUri</BackgroundImageUri>
      <DocumentUri>/CanvasApps/cr49f_masterdatawriteback_1683b_DocumentUri.msapp</DocumentUri>
      <AdditionalUris>
        <AdditionalUri>/CanvasApps/cr49f_masterdatawriteback_1683b_AdditionalUris0_identity.json</AdditionalUri>
      </AdditionalUris>
    </CanvasApp>
    <CanvasApp>
      <Name>cr49f_chatgptextensionforpowerbi_aea6a</Name>
      <AppVersion>2023-10-19T12:02:18Z</AppVersion>
      <Status>Ready</Status>
      <CreatedByClientVersion>3.23102.16.0</CreatedByClientVersion>
      <MinClientVersion>3.23102.16.0</MinClientVersion>
      <Tags>{"primaryDeviceWidth":"950","primaryDeviceHeight":"300","supportsPortrait":"true","supportsLandscape":"true","primaryFormFactor":"Phone","publisherVersion":"3.23102.16","minimumRequiredApiVersion":"2.2.0","hasComponent":"false","hasUnlockedComponent":"false","isUnifiedRootApp":"false","sienaVersion":"20231019T120218Z-3.23102.16.0","showStatusBar":"false"}</Tags>
      <IsCdsUpgraded>0</IsCdsUpgraded>
      <GalleryItemId xsi:nil="true"></GalleryItemId>
      <BackgroundColor>RGBA(0,176,240,1)</BackgroundColor>
      <DisplayName>ChatGPT Extension for Power BI</DisplayName>
      <Description xsi:nil="true"></Description>
      <CommitMessage xsi:nil="true"></CommitMessage>
      <Publisher xsi:nil="true"></Publisher>
      <AuthorizationReferences>[]</AuthorizationReferences>
      <ConnectionReferences>{"5f097eac-d798-4980-be53-ae0811e7ab69":{"id":"/providers/microsoft.powerapps/apis/shared_chatgpt-20extension-20for-20power-20bi-5fcc8a4a-607328f64ae4cfb2","displayName":"ChatGPT Extension for Power BI","iconUri":"https://az787822.vo.msecnd.net/defaulticons/api-dedicated.png","dataSources":["ChatGPTExtensionforPowerBI"],"dependencies":[],"dependents":[],"parameterHints":{},"parameterHintsV2":{},"isOnPremiseConnection":false,"bypassConsent":false,"dataSets":{},"apiTier":"Standard","actions":["ChatAPI"],"isCustomApiSolutionAware":false}}</ConnectionReferences>
      <DatabaseReferences>{}</DatabaseReferences>
      <AppComponents>[]</AppComponents>
      <AppComponentDependencies>[]</AppComponentDependencies>
      <CanConsumeAppPass>1</CanConsumeAppPass>
      <CanvasAppType>0</CanvasAppType>
      <BypassConsent>0</BypassConsent>
      <AdminControlBypassConsent>0</AdminControlBypassConsent>
      <EmbeddedApp xsi:nil="true"></EmbeddedApp>
      <IntroducedVersion>1.0</IntroducedVersion>
      <CdsDependencies>{"cdsdependencies":[]}</CdsDependencies>
      <IsCustomizable>1</IsCustomizable>
      <BackgroundImageUri>/CanvasApps/cr49f_chatgptextensionforpowerbi_aea6a_BackgroundImageUri</BackgroundImageUri>
      <DocumentUri>/CanvasApps/cr49f_chatgptextensionforpowerbi_aea6a_DocumentUri.msapp</DocumentUri>
    </CanvasApp>
    <CanvasApp>
      <Name>cr49f_annotationapp_c424a</Name>
      <AppVersion>2023-12-09T08:34:45Z</AppVersion>
      <Status>Ready</Status>
      <CreatedByClientVersion>3.23114.24.0</CreatedByClientVersion>
      <MinClientVersion>3.23114.24.0</MinClientVersion>
      <Tags>{"primaryDeviceWidth":"950","primaryDeviceHeight":"300","supportsPortrait":"true","supportsLandscape":"true","primaryFormFactor":"Phone","publisherVersion":"3.23114.24","minimumRequiredApiVersion":"2.2.0","hasComponent":"false","hasUnlockedComponent":"false","isUnifiedRootApp":"false","sienaVersion":"20231209T083445Z-3.23114.24.0","showStatusBar":"false","offlineLargeFilesSupport":"false"}</Tags>
      <IsCdsUpgraded>0</IsCdsUpgraded>
      <GalleryItemId xsi:nil="true"></GalleryItemId>
      <BackgroundColor>RGBA(0,176,240,1)</BackgroundColor>
      <DisplayName>AnnotationApp</DisplayName>
      <Description xsi:nil="true"></Description>
      <CommitMessage xsi:nil="true"></CommitMessage>
      <Publisher xsi:nil="true"></Publisher>
      <AuthorizationReferences>[]</AuthorizationReferences>
      <ConnectionReferences>{}</ConnectionReferences>
      <DatabaseReferences>{"default.cds":{"databaseDetails":{"referenceType":"Environmental","environmentName":"default.cds","overrideValues":{"status":"NotSpecified"}},"dataSources":{"TestTable - Comments":{"entitySetName":"cr402_testtablecommentses","logicalName":"cr402_testtablecomments"}}}}</DatabaseReferences>
      <AppComponents>[]</AppComponents>
      <AppComponentDependencies>[]</AppComponentDependencies>
      <CanConsumeAppPass>1</CanConsumeAppPass>
      <CanvasAppType>0</CanvasAppType>
      <BypassConsent>0</BypassConsent>
      <AdminControlBypassConsent>0</AdminControlBypassConsent>
      <EmbeddedApp xsi:nil="true"></EmbeddedApp>
      <IntroducedVersion>1.0</IntroducedVersion>
      <CdsDependencies>{"cdsdependencies":[{"logicalname":"cr402_testtablecomments","componenttype":1}]}</CdsDependencies>
      <IsCustomizable>1</IsCustomizable>
      <BackgroundImageUri>/CanvasApps/cr49f_annotationapp_c424a_BackgroundImageUri</BackgroundImageUri>
      <DocumentUri>/CanvasApps/cr49f_annotationapp_c424a_DocumentUri.msapp</DocumentUri>
      <AdditionalUris>
        <AdditionalUri>/CanvasApps/cr49f_annotationapp_c424a_AdditionalUris0_identity.json</AdditionalUri>
      </AdditionalUris>
    </CanvasApp>
  </CanvasApps>
  <connectionreferences>
    <connectionreference connectionreferencelogicalname="cr49f_sharedoffice365_08e57">
      <connectionreferencedisplayname>Office 365 Outlook PowerBIFabricExtensions-08e57</connectionreferencedisplayname>
      <connectorid>/providers/Microsoft.PowerApps/apis/shared_office365</connectorid>
      <iscustomizable>1</iscustomizable>
      <statecode>0</statecode>
      <statuscode>1</statuscode>
    </connectionreference>
    <connectionreference connectionreferencelogicalname="cr49f_sharedpowerbi_8eca2">
      <connectionreferencedisplayname>Power BI PowerBIFabricExtensions-8eca2</connectionreferencedisplayname>
      <connectorid>/providers/Microsoft.PowerApps/apis/shared_powerbi</connectorid>
      <iscustomizable>1</iscustomizable>
      <statecode>0</statecode>
      <statuscode>1</statuscode>
    </connectionreference>
    <connectionreference connectionreferencelogicalname="cr49f_sharedpowerbi_c4f09">
      <connectionreferencedisplayname>Power BI PowerBIFabricExtensions-c4f09</connectionreferencedisplayname>
      <connectorid>/providers/Microsoft.PowerApps/apis/shared_powerbi</connectorid>
      <iscustomizable>1</iscustomizable>
      <statecode>0</statecode>
      <statuscode>1</statuscode>
    </connectionreference>
    <connectionreference connectionreferencelogicalname="cr49f_sharedsql_833cb">
      <connectionreferencedisplayname>SQL Server PowerBIFabricExtensions-833cb</connectionreferencedisplayname>
      <connectorid>/providers/Microsoft.PowerApps/apis/shared_sql</connectorid>
      <iscustomizable>1</iscustomizable>
      <statecode>0</statecode>
      <statuscode>1</statuscode>
    </connectionreference>
    <connectionreference connectionreferencelogicalname="cr49f_sharedteams_53a79">
      <connectionreferencedisplayname>Microsoft Teams PowerBIFabricExtensions-53a79</connectionreferencedisplayname>
      <connectorid>/providers/Microsoft.PowerApps/apis/shared_teams</connectorid>
      <iscustomizable>1</iscustomizable>
      <statecode>0</statecode>
      <statuscode>1</statuscode>
    </connectionreference>
  </connectionreferences>
  <Languages>
    <Language>1033</Language>
  </Languages>
</ImportExportXml>