{"name":"97593ebd-1f7d-4c8f-a2b9-bec34eb1f5dd","id":"/providers/Microsoft.Flow/flows/97593ebd-1f7d-4c8f-a2b9-bec34eb1f5dd","type":"Microsoft.Flow/flows","properties":{"apiId":"/providers/Microsoft.PowerApps/apis/shared_logicflows","displayName":"SP Writeback InsertBooking","definition":{"metadata":{"workflowEntityId":null,"processAdvisorMetadata":null,"flowChargedByPaygo":null,"flowclientsuspensionreason":"None","flowclientsuspensiontime":null,"flowclientsuspensionreasondetails":null,"creator":{"id":"62191293-c205-4ce4-ae83-675edc1ad7bc","type":"User","tenantId":"a7ed0222-1883-488c-8bbb-6ee4f043da6d"},"provisioningMethod":"FromDefinition","failureAlertSubscription":true,"clientLastModifiedTime":"2024-10-10T11:54:46.3177612Z","connectionKeySavedTimeKey":"2024-10-10T06:55:30.496355Z"},"$schema":"https://schema.management.azure.com/providers/Microsoft.Logic/schemas/2016-06-01/workflowdefinition.json#","contentVersion":"1.0.0.0","parameters":{"$connections":{"defaultValue":{},"type":"Object"},"$authentication":{"defaultValue":{},"type":"SecureObject"}},"triggers":{"manual":{"metadata":{"operationMetadataId":"b9dce483-9272-4f40-bb62-4753dad62dfe"},"type":"Request","kind":"PowerAppV2","inputs":{"schema":{"type":"object","properties":{"text":{"title":"JSON","type":"string","x-ms-dynamically-added":true,"description":"JSON AS INDENT FOUR","x-ms-content-hint":"TEXT"}},"required":["text"]}}}},"actions":{"Execute_stored_procedure_(V2)":{"runAfter":{},"metadata":{"operationMetadataId":"9763e80e-0e65-457e-af45-aaf90b39f6f9"},"type":"OpenApiConnection","inputs":{"host":{"apiId":"/providers/Microsoft.PowerApps/apis/shared_sql","connectionName":"shared_sql_1","operationId":"ExecuteProcedure_V2"},"parameters":{"server":"default","database":"default","procedure":"[dbo].[InsertBookingFromJSON]","parameters/JSON":"@triggerBody()['text']"},"authentication":{"value":"@json(decodeBase64(triggerOutputs().headers['X-MS-APIM-Tokens']))['$ConnectionKey']","type":"Raw"}}},"Respond_to_a_PowerApp_or_flow":{"runAfter":{"Execute_stored_procedure_(V2)":["Succeeded"]},"metadata":{"operationMetadataId":"134839ed-2be4-4dce-9276-7118f5ad7239"},"type":"Response","kind":"PowerApp","inputs":{"statusCode":200,"body":{},"schema":{"type":"object","properties":{}}}}}},"connectionReferences":{"shared_sql_1":{"connectionName":"c837062820ce4919976b814e91c8f231","source":"Invoker","id":"/providers/Microsoft.PowerApps/apis/shared_sql","tier":"NotSpecified"}},"flowFailureAlertSubscribed":false,"isManaged":false}}