{"schemaVersion":"1.0","appDefinitionTemplate":{"id":"/providers/Microsoft.PowerApps/apps/","type":"Microsoft.PowerApps/apps","tags":{"primaryDeviceWidth":"1366","primaryDeviceHeight":"768","supportsPortrait":"true","supportsLandscape":"true","primaryFormFactor":"Tablet","showStatusBar":"false","publisherVersion":"3.24092.16","minimumRequiredApiVersion":"2.2.0","hasComponent":"true","hasUnlockedComponent":"true","isUnifiedRootApp":"false","offlineLargeFilesSupport":"false","sienaVersion":"20240928T082406Z-3.24092.16.0"},"properties":{"appVersion":"2024-09-28T08:24:06Z","lifeCycleId":"Published","createdByClientVersion":{"major":3,"minor":24092,"build":16,"revision":0,"majorRevision":0,"minorRevision":0},"minClientVersion":{"major":3,"minor":24092,"build":16,"revision":0,"majorRevision":0,"minorRevision":0},"backgroundColor":"RGBA(0,176,240,1)","backgroundImageUri":"/13968934364390480863/N58e5280e-47ed-4b5a-a59d-3780c9e6a1f2-logoSmallFile","displayName":"Power FX Tricks","description":"","commitMessage":"","appUris":{"documentUri":{"value":"/13968934364390480863/N2f12dd5d-3711-4468-b09a-8b931c0bfdd3-document.msapp"},"imageUris":[],"additionalUris":[{"isSolutionAware":false,"value":"/13968934364390480863/Na5d9a472-9507-4366-9140-7cb454246ae1-identity.json"}]},"createdTime":"0001-01-01T00:00:00Z","lastModifiedTime":"0001-01-01T00:00:00Z","sharedGroupsCount":0,"sharedUsersCount":0,"connectionReferences":{"8dabfb23-df57-43a6-ae67-45879f8d0200":{"id":"ef17787e-25c7-447d-8b2f-2786a76e3d41","displayName":"Office 365 Outlook","iconUri":"https://connectoricons-prod.azureedge.net/releases/v1.0.1706/1.0.1706.3851/office365/icon.png","dataSources":["Office365Outlook"],"dependencies":[],"dependents":[],"parameterHints":{},"parameterHintsV2":{},"isOnPremiseConnection":false,"bypassConsent":false,"dataSets":{},"apiTier":"Standard","isCustomApiConnection":false},"9f870f93-83bd-4e00-9e43-bce1a8d1b412":{"id":"9b473d08-6f22-42d0-bb70-3cf749de87e4","displayName":"Logic flows","iconUri":"https://connectoricons-prod.azureedge.net/releases/v1.0.1697/1.0.1697.3784/logicflows/icon.png","dataSources":["SPWritebackInsertBooking"],"dependencies":["9e9b9a85-dc20-4085-9f1c-41b1e17208b4"],"dependents":[],"parameterHints":{"workflowName":{"value":"63911953-4354-470b-b747-f0303b9186c3"},"workflowEntityId":{},"workflowDisplayName":{"value":"SP Writeback InsertBooking"},"9e9b9a85-dc20-4085-9f1c-41b1e17208b4":{"value":"shared_sql_1"}},"parameterHintsV2":{"workflowName":{"value":"63911953-4354-470b-b747-f0303b9186c3"},"workflowEntityId":{},"workflowDisplayName":{"value":"SP Writeback InsertBooking"},"shared_sql_1":{"value":"9e9b9a85-dc20-4085-9f1c-41b1e17208b4"}},"isOnPremiseConnection":false,"bypassConsent":false,"dataSets":{},"apiTier":"Standard","isCustomApiConnection":false,"actions":["Run"],"nestedActions":[{"id":"/providers/Microsoft.PowerApps/apis/shared_sql/apiOperations/ExecuteProcedure_V2","apiName":"SQL Server","actionName":"ExecuteProcedure_V2","referencedResources":[]}]},"9e9b9a85-dc20-4085-9f1c-41b1e17208b4":{"id":"7f4488d9-ebb7-4e9d-ab9e-6d05d6bd9a6e","xrmConnectionReferenceLogicalName":"insthor_sharedsql_953ce","displayName":"SQL Server","runtimePolicyName":"6b9f2f0f-6ebc-4610-b89b-8632d3a77a9b","executionRestrictions":{"version":1,"modifiedOn":"2024-09-28 08:24:05","appVer":"3.24092.16","apiId":"unknown","apiVer":null,"policy":"{\"type\":\"invalid\"}"},"iconUri":"https://connectoricons-prod.azureedge.net/releases/v1.0.1710/1.0.1710.3861/sql/icon.png","dataSources":[],"dependencies":[],"dependents":["9f870f93-83bd-4e00-9e43-bce1a8d1b412"],"parameterHints":{},"parameterHintsV2":{},"isOnPremiseConnection":false,"sharedConnectionId":"1d7184ac-ddfe-4cd1-8d86-954278208a92","bypassConsent":false,"dataSets":{},"apiTier":"Premium","isCustomApiConnection":false,"authenticationType":"sqlAuthentication","endpoints":["insparipowerplatform.database.windows.net,PowerPlatformDemos"]},"739606cc-2ca6-4704-8890-7d3b9c4f8465":{"id":"a0365863-3a15-4e89-b988-64f0a59dca16","displayName":"Office 365 Users","iconUri":"https://connectoricons-prod.azureedge.net/releases/v1.0.1715/1.0.1715.3906/office365users/icon.png","dataSources":["Office365Users"],"dependencies":[],"dependents":[],"parameterHints":{},"parameterHintsV2":{},"isOnPremiseConnection":false,"bypassConsent":false,"dataSets":{},"apiTier":"Standard","isCustomApiConnection":false,"actions":["SearchUser","Manager","DirectReports"]}},"databaseReferences":{"default.cds":{"databaseDetails":{"referenceType":"Environmental","environmentName":"default.cds","overrideValues":{"status":"NotSpecified","environmentVariableName":""}},"dataSources":{"PowerFxTricks_Reminders":{"entitySetName":"cr539_powerfxtricks_reminderses","logicalName":"cr539_powerfxtricks_reminders","isHidden":false},"PowerFxTricks_Bookings":{"entitySetName":"cr539_powerfxtricks_bookingses","logicalName":"cr539_powerfxtricks_bookings","isHidden":false},"PowerFx_Bookings":{"entitySetName":"cr539_bookingses","logicalName":"cr539_bookings","isHidden":false}},"actions":["providers/PowerPlatform.Governance/Operations/Read","providers/PowerPlatform.Governance/Operations/Write","providers/PowerPlatform.Governance/Operations/Delete"]}},"almMode":"Environment","performanceOptimizationEnabled":true,"canConsumeAppPass":true,"enableModernRuntimeMode":false,"executionRestrictions":{"isTeamsOnly":false,"dataLossPreventionEvaluationResult":{"status":"Compliant","lastEvaluationDate":"2024-09-28T08:24:54.9873955Z","violations":[],"violationsByPolicy":[],"violationErrorMessage":"The app uses the following connectors: shared_office365, shared_logicflows, shared_sql, shared_office365users, shared_commondataservice."},"httpActionRestriction":{"appUsesSharepointHttpAction":false,"enforcementStrategy":"Legacy","evaluationTime":"2024-09-28T08:24:54.987263Z"}}},"appType":"ClassicCanvasApp","appComponents":[]}}