{
  "properties": {
    "connectionReferences": {
      "shared_powerbi_1": {
        "runtimeSource": "embedded",
        "connection": {},
        "api": {
          "name": "shared_powerbi"
        }
      },
      "shared_powerbi_2": {
        "runtimeSource": "embedded",
        "connection": {},
        "api": {
          "name": "shared_powerbi"
        }
      },
      "shared_office365": {
        "runtimeSource": "embedded",
        "connection": {},
        "api": {
          "name": "shared_office365"
        }
      },
      "shared_teams": {
        "runtimeSource": "embedded",
        "connection": {},
        "api": {
          "name": "shared_teams"
        }
      }
    },
    "definition": {
      "$schema": "https://schema.management.azure.com/providers/Microsoft.Logic/schemas/2016-06-01/workflowdefinition.json#",
      "contentVersion": "1.0.0.0",
      "parameters": {
        "$connections": {
          "defaultValue": {},
          "type": "Object"
        },
        "$authentication": {
          "defaultValue": {},
          "type": "SecureObject"
        }
      },
      "triggers": {
        "manual": {
          "splitOn": "@triggerBody()['rows']",
          "metadata": {
            "operationMetadataId": "62e291fe-1493-459a-923a-5784cdf2e07a"
          },
          "type": "Request",
          "kind": "ApiConnection",
          "inputs": {
            "schema": {
              "type": "object",
              "properties": {},
              "required": []
            },
            "host": {
              "connection": {
                "name": "@parameters('$connections')['shared_powerbi_1']['connectionId']"
              }
            },
            "operationId": "PowerBiButtonClicked",
            "parameters": {
              "inputsPowerBiData": "{}",
              "pbi_source": "powerAutomate"
            }
          }
        }
      },
      "actions": {
        "Run_a_query_against_a_dataset": {
          "runAfter": {},
          "metadata": {
            "operationMetadataId": "a85e9495-1393-4fe5-a22b-6abd6497cb60"
          },
          "type": "OpenApiConnection",
          "inputs": {
            "host": {
              "apiId": "/providers/Microsoft.PowerApps/apis/shared_powerbi",
              "connectionName": "shared_powerbi_2",
              "operationId": "ExecuteDatasetQuery"
            },
            "parameters": {
              "groupid": "3a7ca72b-5ac2-44a1-90b3-381b5146e30a",
              "datasetid": "5ce6ccc4-7f05-44f8-ab71-bd0374b9f87e",
              "specification/query": "DEFINE\n\nVAR _MyTable = \nFILTER(SUMMARIZECOLUMNS('FactOnlineSales'[ProductKey],\"Sales\", Sum('FactOnlineSales'[SalesAmount])), [Sales] > 10000000)\n\nEvaluate\n_MyTable",
              "specification/serializerSettings/includeNulls": false
            },
            "authentication": "@parameters('$authentication')"
          }
        },
        "Parse_JSON": {
          "runAfter": {
            "Run_a_query_against_a_dataset": [
              "Succeeded"
            ]
          },
          "metadata": {
            "operationMetadataId": "da16c059-62bf-43fc-95e5-1a0f0de3c066"
          },
          "type": "ParseJson",
          "inputs": {
            "content": "@outputs('Run_a_query_against_a_dataset')?['body/firstTableRows']",
            "schema": {
              "type": "array",
              "items": {
                "type": "object",
                "properties": {
                  "FactOnlineSales[ProductKey]": {
                    "type": "integer"
                  },
                  "[Sales]": {
                    "type": "number"
                  }
                },
                "required": [
                  "FactOnlineSales[ProductKey]",
                  "[Sales]"
                ]
              }
            }
          }
        },
        "Filter_array": {
          "runAfter": {
            "Parse_JSON": [
              "Succeeded"
            ]
          },
          "metadata": {
            "operationMetadataId": "3910ade9-adbc-4b6e-bcd5-bf5a6e943607"
          },
          "type": "Query",
          "inputs": {
            "from": "@body('Parse_JSON')",
            "where": "@greater(item()['[Sales]'], 15000000)"
          }
        },
        "Select": {
          "runAfter": {
            "Filter_array": [
              "Succeeded"
            ]
          },
          "metadata": {
            "operationMetadataId": "1a427f94-bb14-4ee6-a98b-1e7ebbce1937"
          },
          "type": "Select",
          "inputs": {
            "from": "@body('Filter_array')",
            "select": {
              "ProductKey": "@item()?['FactOnlineSales[ProductKey]']",
              "Sales": "@item()?['[Sales]']"
            }
          }
        },
        "Create_HTML_table": {
          "runAfter": {
            "Select": [
              "Succeeded"
            ]
          },
          "metadata": {
            "operationMetadataId": "83684abd-188c-4140-96f9-b39ac3c157a7"
          },
          "type": "Table",
          "inputs": {
            "from": "@body('Select')",
            "format": "HTML"
          }
        },
        "Send_an_email_(V2)": {
          "runAfter": {
            "Create_HTML_table": [
              "Succeeded"
            ]
          },
          "metadata": {
            "operationMetadataId": "ea7c2e2e-2eb6-425f-91e1-847551621ede"
          },
          "type": "OpenApiConnection",
          "inputs": {
            "host": {
              "apiId": "/providers/Microsoft.PowerApps/apis/shared_office365",
              "connectionName": "shared_office365",
              "operationId": "SendEmailV2"
            },
            "parameters": {
              "emailMessage/To": "jonAdmin@60xtth.onmicrosoft.com;voge@inspari.dk;jonvoge@60xtth.onmicrosoft.com",
              "emailMessage/Subject": "Power BI Alert Triggered",
              "emailMessage/Body": "<p>Hi!<br>\n<br>\n<em>This is automatic alert.</em><br>\nThe following items triggered the data driven alert, and exceeded the defined threshold value:<br>\n<br>\n@{body('Create_HTML_table')}</p>",
              "emailMessage/Importance": "Normal"
            },
            "authentication": "@parameters('$authentication')"
          }
        },
        "Post_message_in_a_chat_or_channel": {
          "runAfter": {
            "Send_an_email_(V2)": [
              "Succeeded"
            ]
          },
          "metadata": {
            "operationMetadataId": "b4e16a9b-a678-4efd-be10-ebfce44f676a"
          },
          "type": "OpenApiConnection",
          "inputs": {
            "host": {
              "apiId": "/providers/Microsoft.PowerApps/apis/shared_teams",
              "connectionName": "shared_teams",
              "operationId": "PostMessageToConversation"
            },
            "parameters": {
              "poster": "Flow bot",
              "location": "Chat with Flow bot",
              "body/recipient": "jonvoge@60xtth.onmicrosoft.com;",
              "body/messageBody": "<p>Hi!<br>\n<br>\nThis is automatic alert.<br>\nThe following items triggered the data driven alert, and exceeded the defined threshold value:<br>\n<br>\n@{body('Create_HTML_table')}</p>"
            },
            "authentication": "@parameters('$authentication')"
          }
        }
      }
    },
    "templateName": null
  },
  "schemaVersion": "1.0.0.0"
}