{
  "properties": {
    "connectionReferences": {
      "shared_powerbi": {
        "runtimeSource": "embedded",
        "connection": {},
        "api": {
          "name": "shared_powerbi"
        }
      }
    },
    "definition": {
      "$schema": "https://schema.management.azure.com/providers/Microsoft.Logic/schemas/2016-06-01/workflowdefinition.json#",
      "contentVersion": "1.0.0.0",
      "parameters": {
        "$connections": {
          "defaultValue": {},
          "type": "Object"
        },
        "$authentication": {
          "defaultValue": {},
          "type": "SecureObject"
        }
      },
      "triggers": {
        "manual": {
          "splitOn": "@triggerBody()['rows']",
          "metadata": {
            "operationMetadataId": "8793a770-546d-4f32-bb40-f3b1a3bc051f"
          },
          "type": "Request",
          "kind": "ApiConnection",
          "inputs": {
            "schema": {
              "type": "object",
              "properties": {},
              "required": []
            },
            "host": {
              "connection": {
                "name": "@parameters('$connections')['shared_powerbi']['connectionId']"
              }
            },
            "operationId": "PowerBiButtonClicked",
            "parameters": {
              "inputsPowerBiData": "{}",
              "pbi_source": "powerAutomate"
            }
          }
        }
      },
      "actions": {
        "Refresh_a_dataset": {
          "runAfter": {},
          "metadata": {
            "operationMetadataId": "7e6cd475-4d0f-4d36-91f5-b7b843a4fc19"
          },
          "type": "OpenApiConnection",
          "inputs": {
            "host": {
              "apiId": "/providers/Microsoft.PowerApps/apis/shared_powerbi",
              "connectionName": "shared_powerbi",
              "operationId": "RefreshDataset"
            },
            "parameters": {
              "groupid": "3a7ca72b-5ac2-44a1-90b3-381b5146e30a",
              "datasetid": "5ce6ccc4-7f05-44f8-ab71-bd0374b9f87e"
            },
            "authentication": "@parameters('$authentication')"
          }
        }
      }
    },
    "templateName": null
  },
  "schemaVersion": "1.0.0.0"
}