{
  "properties": {
    "connectionReferences": {
      "shared_powerbi": {
        "runtimeSource": "embedded",
        "connection": {},
        "api": {
          "name": "shared_powerbi"
        }
      },
      "shared_office365": {
        "runtimeSource": "embedded",
        "connection": {},
        "api": {
          "name": "shared_office365"
        }
      }
    },
    "definition": {
      "$schema": "https://schema.management.azure.com/providers/Microsoft.Logic/schemas/2016-06-01/workflowdefinition.json#",
      "contentVersion": "1.0.0.0",
      "parameters": {
        "$connections": {
          "defaultValue": {},
          "type": "Object"
        },
        "$authentication": {
          "defaultValue": {},
          "type": "SecureObject"
        }
      },
      "triggers": {
        "manual": {
          "splitOn": "@triggerBody()['rows']",
          "metadata": {
            "operationMetadataId": "09c884f2-7b38-417b-8a6f-334eba7cc950"
          },
          "type": "Request",
          "kind": "ApiConnection",
          "inputs": {
            "schema": {
              "type": "object",
              "properties": {
                "rows": {
                  "type": "array",
                  "items": {
                    "type": "object",
                    "properties": {
                      "entity": {
                        "type": "object",
                        "properties": {
                          "Power BI values": {
                            "title": "Power BI data",
                            "type": "array",
                            "items": {
                              "type": "object",
                              "properties": {
                                "ProductName": {
                                  "title": "Power BI data ProductName",
                                  "type": "string"
                                }
                              },
                              "required": []
                            }
                          }
                        },
                        "required": [
                          "Power BI values"
                        ]
                      }
                    },
                    "required": [
                      "entity"
                    ]
                  }
                }
              },
              "required": [
                "rows"
              ]
            },
            "host": {
              "connection": {
                "name": "@parameters('$connections')['shared_powerbi']['connectionId']"
              }
            },
            "operationId": "PowerBiButtonClicked",
            "parameters": {
              "inputsPowerBiData": "{}",
              "pbi_source": "powerAutomate"
            }
          }
        }
      },
      "actions": {
        "Select": {
          "runAfter": {},
          "metadata": {
            "operationMetadataId": "bc3f5ed1-c4e9-4a44-9ebf-4d6624267c31"
          },
          "type": "Select",
          "inputs": {
            "from": "@triggerBody()?['entity']?['Power BI values']",
            "select": "@item()?['ProductName']"
          }
        },
        "Join": {
          "runAfter": {
            "Select": [
              "Succeeded"
            ]
          },
          "metadata": {
            "operationMetadataId": "1762be7c-53b1-4da2-b49a-979e9ff75871"
          },
          "type": "Join",
          "inputs": {
            "from": "@body('Select')",
            "joinWith": "\", \""
          }
        },
        "Run_a_query_against_a_dataset": {
          "runAfter": {
            "Join": [
              "Succeeded"
            ]
          },
          "metadata": {
            "operationMetadataId": "0c29ff3b-f23f-4089-96bc-9cee3097c0c7"
          },
          "type": "OpenApiConnection",
          "inputs": {
            "host": {
              "apiId": "/providers/Microsoft.PowerApps/apis/shared_powerbi",
              "connectionName": "shared_powerbi",
              "operationId": "ExecuteDatasetQuery"
            },
            "parameters": {
              "groupid": "3a7ca72b-5ac2-44a1-90b3-381b5146e30a",
              "datasetid": "5ce6ccc4-7f05-44f8-ab71-bd0374b9f87e",
              "specification/query": "DEFINE\n\nVAR _MyTable = \nFILTER(SUMMARIZECOLUMNS('FactOnlineSales'[ProductKey],'DimProduct'[ProductName],\"Sales\", Sum('FactOnlineSales'[SalesAmount])), 'DimProduct'[ProductName] IN {\"@{body('Join')}\"})\n\nEvaluate\n_MyTable",
              "specification/serializerSettings/includeNulls": false
            },
            "authentication": "@parameters('$authentication')"
          }
        },
        "Parse_JSON": {
          "runAfter": {
            "Run_a_query_against_a_dataset": [
              "Succeeded"
            ]
          },
          "metadata": {
            "operationMetadataId": "43348ef7-f408-45e9-90c3-ee845ee14316"
          },
          "type": "ParseJson",
          "inputs": {
            "content": "@outputs('Run_a_query_against_a_dataset')?['body/firstTableRows']",
            "schema": {
              "type": "array",
              "items": {
                "type": "object",
                "properties": {
                  "FactOnlineSales[ProductKey]": {
                    "type": "integer"
                  },
                  "DimProduct[ProductName]": {
                    "type": "string"
                  },
                  "[Sales]": {
                    "type": "number"
                  }
                },
                "required": [
                  "FactOnlineSales[ProductKey]",
                  "DimProduct[ProductName]",
                  "[Sales]"
                ]
              }
            }
          }
        },
        "Select_2": {
          "runAfter": {
            "Parse_JSON": [
              "Succeeded"
            ]
          },
          "metadata": {
            "operationMetadataId": "4cf7d1fd-c210-4cfb-ab04-c640385106cd"
          },
          "type": "Select",
          "inputs": {
            "from": "@body('Parse_JSON')",
            "select": {
              "Key": "@item()['FactOnlineSales[ProductKey]']",
              "Product": "@item()['DimProduct[ProductName]']",
              "Sales": "@item()['[Sales]']"
            }
          }
        },
        "Create_HTML_table": {
          "runAfter": {
            "Select_2": [
              "Succeeded"
            ]
          },
          "metadata": {
            "operationMetadataId": "7f28b5bf-9045-43bf-b1ef-060540fe046f"
          },
          "type": "Table",
          "inputs": {
            "from": "@body('Select_2')",
            "format": "HTML"
          }
        },
        "Send_an_email_(V2)": {
          "runAfter": {
            "Create_HTML_table": [
              "Succeeded"
            ]
          },
          "metadata": {
            "operationMetadataId": "73f67ce1-3a20-43ec-91f8-c25398636aaa"
          },
          "type": "OpenApiConnection",
          "inputs": {
            "host": {
              "apiId": "/providers/Microsoft.PowerApps/apis/shared_office365",
              "connectionName": "shared_office365",
              "operationId": "SendEmailV2"
            },
            "parameters": {
              "emailMessage/To": "voge@inspari.dk",
              "emailMessage/Subject": "Test",
              "emailMessage/Body": "<p>@{body('Create_HTML_table')}</p>",
              "emailMessage/Importance": "Normal"
            },
            "authentication": "@parameters('$authentication')"
          }
        }
      }
    },
    "templateName": null
  },
  "schemaVersion": "1.0.0.0"
}