{
  "properties": {
    "connectionReferences": {
      "shared_powerbi": {
        "runtimeSource": "embedded",
        "connection": {},
        "api": {
          "name": "shared_powerbi"
        }
      },
      "shared_teams": {
        "runtimeSource": "embedded",
        "connection": {},
        "api": {
          "name": "shared_teams"
        }
      }
    },
    "definition": {
      "$schema": "https://schema.management.azure.com/providers/Microsoft.Logic/schemas/2016-06-01/workflowdefinition.json#",
      "contentVersion": "1.0.0.0",
      "parameters": {
        "$connections": {
          "defaultValue": {},
          "type": "Object"
        },
        "$authentication": {
          "defaultValue": {},
          "type": "SecureObject"
        }
      },
      "triggers": {
        "manual": {
          "splitOn": "@triggerBody()['rows']",
          "metadata": {
            "operationMetadataId": "311cae26-6e9e-44f7-bec0-fdad34e788f0"
          },
          "type": "Request",
          "kind": "ApiConnection",
          "inputs": {
            "schema": {
              "type": "object",
              "properties": {},
              "required": []
            },
            "host": {
              "connection": {
                "name": "@parameters('$connections')['shared_powerbi']['connectionId']"
              }
            },
            "operationId": "PowerBiButtonClicked",
            "parameters": {
              "inputsPowerBiData": "{}",
              "pbi_source": "powerAutomate"
            }
          }
        }
      },
      "actions": {
        "Run_a_query_against_a_dataset": {
          "runAfter": {},
          "metadata": {
            "operationMetadataId": "1cf646b1-f337-4b04-8a01-e81f68d1f377"
          },
          "type": "OpenApiConnection",
          "inputs": {
            "host": {
              "apiId": "/providers/Microsoft.PowerApps/apis/shared_powerbi",
              "connectionName": "shared_powerbi",
              "operationId": "ExecuteDatasetQuery"
            },
            "parameters": {
              "groupid": "3a7ca72b-5ac2-44a1-90b3-381b5146e30a",
              "datasetid": "5ce6ccc4-7f05-44f8-ab71-bd0374b9f87e",
              "specification/query": "DEFINE\n\nVAR _MyTable = \nFILTER(SUMMARIZECOLUMNS('FactOnlineSales'[ProductKey],'DimProduct'[ProductName],\"Sales\", Sum('FactOnlineSales'[SalesAmount])), [Sales] > 20000000)\n\nEvaluate\n_MyTable",
              "specification/serializerSettings/includeNulls": false
            },
            "authentication": "@parameters('$authentication')"
          }
        },
        "Parse_JSON": {
          "runAfter": {
            "Run_a_query_against_a_dataset": [
              "Succeeded"
            ]
          },
          "metadata": {
            "operationMetadataId": "218dc9ba-8b60-441d-bd3e-ba05a4db50e9"
          },
          "type": "ParseJson",
          "inputs": {
            "content": "@outputs('Run_a_query_against_a_dataset')?['body/firstTableRows']",
            "schema": {
              "type": "array",
              "items": {
                "type": "object",
                "properties": {
                  "FactOnlineSales[ProductKey]": {
                    "type": "integer"
                  },
                  "DimProduct[ProductName]": {
                    "type": "string"
                  },
                  "[Sales]": {
                    "type": "number"
                  }
                },
                "required": [
                  "FactOnlineSales[ProductKey]",
                  "DimProduct[ProductName]",
                  "[Sales]"
                ]
              }
            }
          }
        },
        "Select": {
          "runAfter": {
            "Parse_JSON": [
              "Succeeded"
            ]
          },
          "metadata": {
            "operationMetadataId": "ab6240a4-2ae6-4b48-95bd-a4153da8eb5d"
          },
          "type": "Select",
          "inputs": {
            "from": "@body('Parse_JSON')",
            "select": {
              "Product Name": "@item()['DimProduct[ProductName]']",
              "Sales": "@item()['[Sales]']"
            }
          }
        },
        "Create_HTML_table": {
          "runAfter": {
            "Select": [
              "Succeeded"
            ]
          },
          "metadata": {
            "operationMetadataId": "8109bbdb-84de-486b-a670-3f3ae3eb5cec"
          },
          "type": "Table",
          "inputs": {
            "from": "@body('Select')",
            "format": "HTML"
          }
        },
        "Post_message_in_a_chat_or_channel": {
          "runAfter": {
            "Create_HTML_table": [
              "Succeeded"
            ]
          },
          "metadata": {
            "operationMetadataId": "ccf1b643-2e5c-4b71-86a9-cdbd33a95bcd"
          },
          "type": "OpenApiConnection",
          "inputs": {
            "host": {
              "apiId": "/providers/Microsoft.PowerApps/apis/shared_teams",
              "connectionName": "shared_teams",
              "operationId": "PostMessageToConversation"
            },
            "parameters": {
              "poster": "Flow bot",
              "location": "Chat with Flow bot",
              "body/recipient": "jonvoge@60xtth.onmicrosoft.com;",
              "body/messageBody": "<p>Hi Jon! Here is a notification to alert you that data is exceeding your threshold:<br>\n@{body('Create_HTML_table')}</p>"
            },
            "authentication": "@parameters('$authentication')"
          }
        }
      }
    },
    "templateName": null
  },
  "schemaVersion": "1.0.0.0"
}