{
  "properties": {
    "connectionReferences": {
      "shared_sql_1": {
        "runtimeSource": "invoker",
        "connection": {
          "connectionReferenceLogicalName": "cr49f_sharedsql_833cb"
        },
        "api": {
          "name": "shared_sql"
        }
      }
    },
    "definition": {
      "$schema": "https://schema.management.azure.com/providers/Microsoft.Logic/schemas/2016-06-01/workflowdefinition.json#",
      "contentVersion": "1.0.0.0",
      "parameters": {
        "$connections": {
          "defaultValue": {},
          "type": "Object"
        },
        "$authentication": {
          "defaultValue": {},
          "type": "SecureObject"
        }
      },
      "triggers": {
        "manual": {
          "metadata": {
            "operationMetadataId": "52e5e5a1-7da6-4e5f-bbb0-f6fb37ac3999"
          },
          "type": "Request",
          "kind": "PowerAppV2",
          "inputs": {
            "schema": {
              "type": "object",
              "properties": {
                "text": {
                  "title": "TableToWrite",
                  "type": "string",
                  "x-ms-dynamically-added": true,
                  "description": "Please enter your input",
                  "x-ms-content-hint": "TEXT"
                },
                "text_1": {
                  "title": "ColumnName",
                  "type": "string",
                  "x-ms-dynamically-added": true,
                  "description": "Please enter your input",
                  "x-ms-content-hint": "TEXT"
                },
                "text_2": {
                  "title": "OldValue",
                  "type": "string",
                  "x-ms-dynamically-added": true,
                  "description": "Please enter your input",
                  "x-ms-content-hint": "TEXT"
                },
                "text_3": {
                  "title": "NewValue",
                  "type": "string",
                  "x-ms-dynamically-added": true,
                  "description": "Please enter your input",
                  "x-ms-content-hint": "TEXT"
                }
              },
              "required": [
                "text",
                "text_1",
                "text_2",
                "text_3"
              ]
            }
          }
        }
      },
      "actions": {
        "Execute_a_SQL_query_(V2)": {
          "runAfter": {},
          "metadata": {
            "operationMetadataId": "70169a0e-66f1-43c4-b1f2-5dfa65a4bc94"
          },
          "type": "OpenApiConnection",
          "inputs": {
            "host": {
              "apiId": "/providers/Microsoft.PowerApps/apis/shared_sql",
              "connectionName": "shared_sql_1",
              "operationId": "ExecutePassThroughNativeQuery_V2"
            },
            "parameters": {
              "server": "s4q4tdmh7ouubk6vof3fp7yzoy-fotxyowclkqujefthanvcrxdbi.datawarehouse.pbidedicated.windows.net",
              "database": "DataflowsStagingWarehouse",
              "query/query": "UPDATE @{triggerBody()['text']}\nSET @{triggerBody()['text_1']} = '@{triggerBody()['text_3']}'\nWHERE @{triggerBody()['text_1']} = '@{triggerBody()['text_2']}'"
            },
            "authentication": {
              "value": "@json(decodeBase64(triggerOutputs().headers['X-MS-APIM-Tokens']))['$ConnectionKey']",
              "type": "Raw"
            }
          }
        },
        "Respond_to_a_PowerApp_or_flow": {
          "runAfter": {
            "Execute_a_SQL_query_(V2)": [
              "Succeeded"
            ]
          },
          "metadata": {
            "operationMetadataId": "baceda9d-83ab-4fd2-a774-d64e8388abf2"
          },
          "type": "Response",
          "kind": "PowerApp",
          "inputs": {
            "statusCode": 200,
            "body": {
              "success": "Yes"
            },
            "schema": {
              "type": "object",
              "properties": {
                "success": {
                  "title": "success",
                  "x-ms-dynamically-added": true,
                  "type": "string"
                }
              }
            }
          }
        }
      }
    },
    "templateName": null
  },
  "schemaVersion": "1.0.0.0"
}